<?xml version="1.0" encoding="UTF-8"?>
<project-private xmlns="http://www.netbeans.org/ns/project-private/1">
    <editor-bookmarks xmlns="http://www.netbeans.org/ns/editor-bookmarks/2" lastBookmarkId="0"/>
    <open-files xmlns="http://www.netbeans.org/ns/projectui-open-files/2">
        <group>
            <file>file:/C:/Users/restu/OneDrive/Documents/NetBeansProjects/UAS_4/src/penjualan/listBarang.java</file>
            <file>file:/C:/Users/restu/OneDrive/Documents/NetBeansProjects/UAS_4/src/penjualan/dataBarang.java</file>
            <file>file:/C:/Users/restu/OneDrive/Documents/NetBeansProjects/UAS_4/src/penjualan/laporan.java</file>
            <file>file:/C:/Users/restu/OneDrive/Documents/NetBeansProjects/UAS_4/src/penjualan/penjualan.java</file>
        </group>
    </open-files>
</project-private>
